{
    "timestamp": "20251213_075408",
    "random_state": 42,
    "best_model": "XGBoost + TabNet",
    "dataset_size": 5110,
    "train_size": 3576,
    "val_size": 1022,
    "test_size": 511,
    "n_features": 17,
    "class_imbalance_ratio": 19.518072289156628,
    "test_metrics": {
        "Accuracy": 0.87279843444227,
        "Precision": 0.12962962962962962,
        "Recall": 0.28,
        "F1-Score": 0.17721518987341772,
        "ROC-AUC": 0.7443621399176955
    }
}